Channel,Mean,Max
Main,3186.21110136824,8228.159090908533
Reference,2450.3949518711993,5482.272727273032
