Channel,Mean,Max
Main,3196.642052904637,8228.159090908533
Reference,2481.870102170396,6878.161290323372
