Channel,Mean,Max
Main,3186.21110137,8228.15909091
Reference,2450.39495187,5482.27272727
