Channel,Mean,Max
Main,607.8808459215854,1512.0000000000737
Reference,812.2630227822739,1277.9387755100174
