Channel,Mean,Max
Main,610.8735236699547,1512.0000000000737
Reference,817.4060294572644,1277.9387755100174
