Channel,Mean,Max
Main,430.81620214091623,711.1823899373614
Reference,828.8538690204582,1257.473684210551
