Channel,Mean,Max
Main,425.5740118301074,711.1823899373614
Reference,820.0252764942144,1200.3722222222968
