Channel,Mean,Max
Main,654.7022659378346,2560.8749999998554
Reference,916.156678306792,1488.4432432435667
