Channel,Mean (0-3600s),Max (0-3600s)
Main,653.1973573693903,1364.1333333329255
Reference,862.2268162313065,1151.4888888889702
