Channel,Mean,Max
Main,595.274239388341,1458.733812949433
Reference,849.5388772021106,2029.2429906539405
