Channel,Mean,Max
Main,515.373452884128,971.9999999997713
Reference,721.5119773226158,908.0731707318283
