Channel,Mean,Max
Main,513.4760897552886,971.9999999997713
Reference,719.4725692526824,908.0731707318283
