Channel,Mean,Max
Main,232.95917261704568,314.34502923976606
Reference,295.94482475645674,860.1489361702129
