Channel,Mean,Max
Main,531.964668326665,1141.9375000003686
Reference,829.3533376835948,1057.0434782607808
