Channel,Mean,Max
Main,533.8023450366293,1141.9375000003686
Reference,832.2124182490355,1057.0434782607808
