Channel,Mean,Max
Main,811.8137186681167,1728.0796460189256
Reference,1105.4379199127693,1558.873949579561
