Channel,Mean,Max
Main,515.6997101286219,740.6231884058021
Reference,762.2995899514414,1085.428571428586
