Channel,Mean,Max
Main,190.71633246358607,293.0222222222222
Reference,222.49626007092715,297.50617283950584
