Channel,Mean (0-3600s),Max (0-3600s)
Main,686.9576910053363,1219.0500000001216
Reference,871.7906869260713,1214.9784172662157
