Channel,Mean,Max
Main,613.0783716498843,969.8609625665765
Reference,894.0420114798957,1293.365638766766
