Channel,Mean,Max
Main,617.2195455782884,969.8609625665765
Reference,895.320797917603,1293.365638766766
