Channel,Mean,Max
Main,615.8049308643702,1103.3333333333085
Reference,844.1926709750436,1147.0975609757106
