Channel,Mean (0-3600s),Max (0-3600s)
Main,1616.2076840501118,2433.375000000061
Reference,1281.1117505768589,1875.0576923077
