Channel,Mean,Max
Main,272.887409032376,3651.260869565218
Reference,244.90776025059193,370.64000000000004
