Channel,Mean,Max
Main,567.5257561405385,1296.260223049101
Reference,834.7548544633432,1253.3076923076908
