Channel,Mean,Max
Main,912.3088259836011,21331.999999999472
Reference,1011.5452146690451,12328.999999999744
