Channel,Mean,Max
Main,642.6697397824553,1804.5172413792818
Reference,811.7323533727016,1149.3409090908533
