Channel,Mean,Max
Main,430.7476532163749,985.8666666665433
Reference,730.4912350041506,1100.2755102039887
