Channel,Mean,Max
Main,435.6077805247621,985.8666666665433
Reference,733.2752044680071,1100.2755102039887
