Channel,Mean,Max
Main,759.3429733688398,6446.250000000006
Reference,967.6929586923019,4582.482758620648
