Channel,Mean,Max
Main,776.5274650785782,6446.250000000006
Reference,972.6862399436878,4582.4827586211
