Channel,Mean,Max
Main,759.34297337,6446.25000000
Reference,967.69295869,4582.48275862
