Channel,Mean,Max
Main,1254.1931792888015,3418.6603773576194
Reference,1388.863189743652,2487.5925925923784
