Channel,Mean,Max
Main,1231.92354072,3418.66037736
Reference,1369.80697396,2487.59259259
