Channel,Mean,Max
Main,1231.9235407236426,3418.6603773589045
Reference,1369.806973957931,2487.5925925923784
