Channel,Mean,Max
Main,902.0934275089002,2229.5925925925726
Reference,960.9821244511165,1269.0294117651588
