Channel,Mean,Max
Main,580.3051587551737,1226.1612903225641
Reference,815.3659305901546,1149.5723684209372
