Channel,Mean,Max
Main,577.20954339,1226.16129032
Reference,815.36593059,1149.57236842
