Channel,Mean (0-3600s),Max (0-3600s)
Main,521.736480942246,782.0357142854205
Reference,740.5508341211857,867.7000000002278
