Channel,Mean (0-3600s),Max (0-3600s)
Main,587.7469824977511,799.3711340209071
Reference,828.304681448799,1085.5876288661286
