Channel,Mean,Max
Main,597.4612067253111,1450.74999999928
Reference,888.9800838530177,1410.23809523804
