Channel,Mean,Max
Main,595.036222857131,1450.74999999928
Reference,882.0009720362755,1294.4341085267163
