Channel,Mean,Max
Main,489.80388757256526,1187.2741935484794
Reference,692.3480670728278,919.0887096774759
