Channel,Mean,Max
Main,679.81425552,2288.82840237
Reference,860.09908217,1283.34146341
