Channel,Mean,Max
Main,681.8622094217567,2288.8284023670813
Reference,860.0990821681479,1283.341463415036
