Channel,Mean,Max
Main,684.5397783168388,2288.828402366051
Reference,865.939842413752,1283.341463415036
