Channel,Mean,Max
Main,1466.629974641892,3021.29545454474
Reference,1292.8634667610502,2652.2068965519325
