Channel,Mean,Max
Main,1327.34571318,2657.05660377
Reference,1242.64372899,2652.20689655
