Channel,Mean,Max
Main,1429.1558117990176,2695.011904762503
Reference,1296.1619891390385,2652.2068965519325
