Channel,Mean,Max
Main,760.8937723188625,3019.0398550724058
Reference,989.8693193341245,2514.5185185185655
