Channel,Mean,Max
Main,765.2223036650722,3019.0398550724058
Reference,982.4730159317397,2504.3623188405927
