Channel,Mean,Max
Main,759.35142101,3019.03985507
Reference,982.11245670,2504.36231884
